,name,type,value,date,event
0,泰国,,4,2020/1/23,WHO宣布推后对中国武汉发生的新型肺炎确定为国际关注的突发公共卫生事件的决定
1,新加坡,,1,2020/1/23,
2,日本,,1,2020/1/23,
3,韩国,,1,2020/1/23,
4,泰国,,5,2020/1/24,欧洲首次确诊新型冠肺炎病例(法国确诊两例)
5,新加坡,,3,2020/1/24,
6,日本,,2,2020/1/24,
7,韩国,,2,2020/1/24,
8,美国,,1,2020/1/24,
9,越南,,2,2020/1/24,
10,泰国,,5,2020/1/25,这个市25号
11,新加坡,,3,2020/1/25,
12,日本,,3,2020/1/25,
13,韩国,,2,2020/1/25,
14,澳大利亚,,4,2020/1/25,
15,美国,,2,2020/1/25,
16,马来西亚,,3,2020/1/25,
17,越南,,2,2020/1/25,
18,法国,,3,2020/1/25,
19,尼泊尔,,1,2020/1/25,
20,泰国,,8,2020/1/26,这个市26号
21,新加坡,,4,2020/1/26,
22,日本,,4,2020/1/26,
23,韩国,,3,2020/1/26,
24,澳大利亚,,4,2020/1/26,
25,美国,,3,2020/1/26,
26,马来西亚,,4,2020/1/26,
27,越南,,2,2020/1/26,
28,法国,,3,2020/1/26,
29,加拿大,,1,2020/1/26,
30,尼泊尔,,1,2020/1/26,
31,泰国,,8,2020/1/27,世卫组织在26日、27日的新型冠状病毒报告中，将新型冠状病毒疫情全球范围风险改为高风险。
32,新加坡,,4,2020/1/27,
33,日本,,4,2020/1/27,
34,韩国,,4,2020/1/27,
35,澳大利亚,,5,2020/1/27,
36,美国,,5,2020/1/27,
37,马来西亚,,4,2020/1/27,
38,越南,,2,2020/1/27,
39,法国,,3,2020/1/27,
40,加拿大,,1,2020/1/27,
41,尼泊尔,,1,2020/1/27,
42,泰国,,14,2020/1/28,这个市28号
43,新加坡,,7,2020/1/28,
44,日本,,6,2020/1/28,
45,韩国,,4,2020/1/28,
46,澳大利亚,,5,2020/1/28,
47,德国,,1,2020/1/28,
48,美国,,5,2020/1/28,
49,马来西亚,,4,2020/1/28,
50,越南,,2,2020/1/28,
51,法国,,3,2020/1/28,
52,加拿大,,2,2020/1/28,
53,尼泊尔,,1,2020/1/28,
54,柬埔寨,,1,2020/1/28,
55,斯里兰卡,,1,2020/1/28,
56,泰国,,14,2020/1/29,这个是29号
57,新加坡,,7,2020/1/29,
58,日本,,7,2020/1/29,
59,韩国,,4,2020/1/29,
60,澳大利亚,,7,2020/1/29,
61,德国,,4,2020/1/29,
62,美国,,5,2020/1/29,
63,马来西亚,,7,2020/1/29,
64,越南,,2,2020/1/29,
65,法国,,4,2020/1/29,
66,阿联酋,,4,2020/1/29,
67,加拿大,,2,2020/1/29,
68,尼泊尔,,1,2020/1/29,
69,柬埔寨,,1,2020/1/29,
70,斯里兰卡,,1,2020/1/29,
71,泰国,,14,2020/1/30,这个30号
72,新加坡,,10,2020/1/30,
73,日本,,11,2020/1/30,
74,韩国,,6,2020/1/30,
75,澳大利亚,,9,2020/1/30,
76,德国,,4,2020/1/30,
77,美国,,5,2020/1/30,
78,马来西亚,,8,2020/1/30,
79,越南,,2,2020/1/30,
80,法国,,5,2020/1/30,
81,阿联酋,,4,2020/1/30,
82,加拿大,,3,2020/1/30,
83,印度,,1,2020/1/30,
84,菲律宾,,1,2020/1/30,
85,尼泊尔,,1,2020/1/30,
86,柬埔寨,,1,2020/1/30,
87,斯里兰卡,,1,2020/1/30,
88,芬兰,,1,2020/1/30,
89,泰国,,19,2020/1/31,这个是31号
90,新加坡,,13,2020/1/31,
91,日本,,15,2020/1/31,
92,韩国,,11,2020/1/31,
93,澳大利亚,,9,2020/1/31,
94,德国,,5,2020/1/31,
95,美国,,6,2020/1/31,
96,马来西亚,,8,2020/1/31,
97,越南,,5,2020/1/31,
98,法国,,6,2020/1/31,
99,阿联酋,,4,2020/1/31,
100,加拿大,,3,2020/1/31,
101,印度,,1,2020/1/31,
102,意大利,,2,2020/1/31,
103,英国,,2,2020/1/31,
104,菲律宾,,1,2020/1/31,
105,尼泊尔,,1,2020/1/31,
106,柬埔寨,,1,2020/1/31,
107,斯里兰卡,,1,2020/1/31,
108,芬兰,,1,2020/1/31,
109,泰国,,19,2020/2/1,这个是1号
110,新加坡,,18,2020/2/1,
111,日本,,17,2020/2/1,
112,韩国,,12,2020/2/1,
113,澳大利亚,,12,2020/2/1,
114,德国,,7,2020/2/1,
115,美国,,7,2020/2/1,
116,马来西亚,,8,2020/2/1,
117,越南,,6,2020/2/1,
118,法国,,6,2020/2/1,
119,阿联酋,,4,2020/2/1,
120,加拿大,,4,2020/2/1,
121,印度,,1,2020/2/1,
122,意大利,,2,2020/2/1,
123,英国,,2,2020/2/1,
124,俄罗斯,,2,2020/2/1,
125,菲律宾,,1,2020/2/1,
126,尼泊尔,,1,2020/2/1,
127,柬埔寨,,1,2020/2/1,
128,斯里兰卡,,1,2020/2/1,
129,芬兰,,1,2020/2/1,
130,西班牙,,1,2020/2/1,
131,瑞典,,1,2020/2/1,
132,泰国,,19,2020/2/2,这是2号
133,新加坡,,18,2020/2/2,
134,日本,,20,2020/2/2,
135,韩国,,15,2020/2/2,
136,澳大利亚,,12,2020/2/2,
137,德国,,8,2020/2/2,
138,美国,,8,2020/2/2,
139,马来西亚,,8,2020/2/2,
140,越南,,6,2020/2/2,
141,法国,,6,2020/2/2,
142,阿联酋,,5,2020/2/2,
143,加拿大,,4,2020/2/2,
144,印度,,2,2020/2/2,
145,意大利,,2,2020/2/2,
146,英国,,2,2020/2/2,
147,俄罗斯,,2,2020/2/2,
148,菲律宾,,2,2020/2/2,
149,尼泊尔,,1,2020/2/2,
150,柬埔寨,,1,2020/2/2,
151,斯里兰卡,,1,2020/2/2,
152,芬兰,,1,2020/2/2,
153,西班牙,,1,2020/2/2,
154,瑞典,,1,2020/2/2,
155,泰国,,19,2020/2/3,这是3号
156,新加坡,,18,2020/2/3,
157,日本,,20,2020/2/3,
158,韩国,,15,2020/2/3,
159,澳大利亚,,12,2020/2/3,
160,德国,,10,2020/2/3,
161,美国,,11,2020/2/3,
162,马来西亚,,8,2020/2/3,
163,越南,,8,2020/2/3,
164,法国,,6,2020/2/3,
165,阿联酋,,5,2020/2/3,
166,加拿大,,4,2020/2/3,
167,印度,,3,2020/2/3,
168,意大利,,2,2020/2/3,
169,英国,,2,2020/2/3,
170,俄罗斯,,2,2020/2/3,
171,菲律宾,,2,2020/2/3,
172,尼泊尔,,1,2020/2/3,
173,柬埔寨,,1,2020/2/3,
174,斯里兰卡,,1,2020/2/3,
175,芬兰,,1,2020/2/3,
176,西班牙,,1,2020/2/3,
177,瑞典,,1,2020/2/3,
178,泰国,,25,2020/2/4,
179,新加坡,,24,2020/2/4,
180,日本,,20,2020/2/4,
181,韩国,,16,2020/2/4,
182,澳大利亚,,12,2020/2/4,
183,德国,,12,2020/2/4,
184,美国,,11,2020/2/4,
185,马来西亚,,10,2020/2/4,
186,越南,,10,2020/2/4,
187,法国,,6,2020/2/4,
188,阿联酋,,5,2020/2/4,
189,加拿大,,4,2020/2/4,
190,印度,,3,2020/2/4,
191,意大利,,2,2020/2/4,
192,英国,,2,2020/2/4,
193,俄罗斯,,2,2020/2/4,
194,菲律宾,,2,2020/2/4,
195,尼泊尔,,1,2020/2/4,
196,柬埔寨,,1,2020/2/4,
197,斯里兰卡,,1,2020/2/4,
198,芬兰,,1,2020/2/4,
199,西班牙,,1,2020/2/4,
200,瑞典,,1,2020/2/4,
201,比利时,,1,2020/2/4,
202,泰国,,25,2020/2/5,
203,新加坡,,24,2020/2/5,
204,日本,,34,2020/2/5,
205,韩国,,19,2020/2/5,
206,澳大利亚,,13,2020/2/5,
207,德国,,12,2020/2/5,
208,美国,,11,2020/2/5,
209,马来西亚,,12,2020/2/5,
210,越南,,10,2020/2/5,
211,法国,,6,2020/2/5,
212,阿联酋,,5,2020/2/5,
213,加拿大,,5,2020/2/5,
214,印度,,3,2020/2/5,
215,意大利,,2,2020/2/5,
216,英国,,2,2020/2/5,
217,俄罗斯,,2,2020/2/5,
218,菲律宾,,3,2020/2/5,
219,尼泊尔,,1,2020/2/5,
220,柬埔寨,,1,2020/2/5,
221,斯里兰卡,,1,2020/2/5,
222,芬兰,,1,2020/2/5,
223,西班牙,,1,2020/2/5,
224,瑞典,,1,2020/2/5,
225,比利时,,1,2020/2/5,
226,泰国,,25,2020/2/6,
227,新加坡,,28,2020/2/6,
228,日本,,45,2020/2/6,
229,韩国,,23,2020/2/6,
230,澳大利亚,,14,2020/2/6,
231,德国,,12,2020/2/6,
232,美国,,12,2020/2/6,
233,马来西亚,,12,2020/2/6,
234,越南,,10,2020/2/6,
235,法国,,6,2020/2/6,
236,阿联酋,,5,2020/2/6,
237,加拿大,,5,2020/2/6,
238,印度,,3,2020/2/6,
239,意大利,,2,2020/2/6,
240,英国,,2,2020/2/6,
241,俄罗斯,,2,2020/2/6,
242,菲律宾,,3,2020/2/6,
243,尼泊尔,,1,2020/2/6,
244,柬埔寨,,1,2020/2/6,
245,斯里兰卡,,1,2020/2/6,
246,芬兰,,1,2020/2/6,
247,西班牙,,1,2020/2/6,
248,瑞典,,1,2020/2/6,
249,比利时,,1,2020/2/6,
250,泰国,,25,2020/2/7,
251,新加坡,,33,2020/2/7,
252,日本,,86,2020/2/7,
253,韩国,,24,2020/2/7,
254,澳大利亚,,15,2020/2/7,
255,德国,,13,2020/2/7,
256,美国,,12,2020/2/7,
257,马来西亚,,15,2020/2/7,
258,越南,,12,2020/2/7,
259,法国,,6,2020/2/7,
260,阿联酋,,5,2020/2/7,
261,加拿大,,5,2020/2/7,
262,印度,,3,2020/2/7,
263,意大利,,3,2020/2/7,
264,英国,,3,2020/2/7,
265,俄罗斯,,2,2020/2/7,
266,菲律宾,,3,2020/2/7,
267,尼泊尔,,1,2020/2/7,
268,柬埔寨,,1,2020/2/7,
269,斯里兰卡,,1,2020/2/7,
270,芬兰,,1,2020/2/7,
271,西班牙,,1,2020/2/7,
272,瑞典,,1,2020/2/7,
273,比利时,,1,2020/2/7,
274,泰国,,32,2020/2/8,
275,新加坡,,33,2020/2/8,
276,日本,,89,2020/2/8,
277,韩国,,24,2020/2/8,
278,澳大利亚,,15,2020/2/8,
279,德国,,13,2020/2/8,
280,美国,,12,2020/2/8,
281,马来西亚,,16,2020/2/8,
282,越南,,13,2020/2/8,
283,法国,,11,2020/2/8,
284,阿联酋,,7,2020/2/8,
285,加拿大,,5,2020/2/8,
286,印度,,3,2020/2/8,
287,意大利,,3,2020/2/8,
288,英国,,3,2020/2/8,
289,俄罗斯,,2,2020/2/8,
290,菲律宾,,3,2020/2/8,
291,尼泊尔,,1,2020/2/8,
292,柬埔寨,,1,2020/2/8,
293,斯里兰卡,,1,2020/2/8,
294,芬兰,,1,2020/2/8,
295,西班牙,,1,2020/2/8,
296,瑞典,,1,2020/2/8,
297,比利时,,1,2020/2/8,
298,泰国,,32,2020/2/9,
299,新加坡,,40,2020/2/9,
300,日本,,89,2020/2/9,
301,韩国,,27,2020/2/9,
302,澳大利亚,,15,2020/2/9,
303,德国,,14,2020/2/9,
304,美国,,12,2020/2/9,
305,马来西亚,,17,2020/2/9,
306,越南,,14,2020/2/9,
307,法国,,11,2020/2/9,
308,阿联酋,,7,2020/2/9,
309,加拿大,,7,2020/2/9,
310,印度,,3,2020/2/9,
311,意大利,,3,2020/2/9,
312,英国,,3,2020/2/9,
313,俄罗斯,,2,2020/2/9,
314,菲律宾,,3,2020/2/9,
315,尼泊尔,,1,2020/2/9,
316,柬埔寨,,1,2020/2/9,
317,斯里兰卡,,1,2020/2/9,
318,芬兰,,1,2020/2/9,
319,西班牙,,2,2020/2/9,
320,瑞典,,1,2020/2/9,
321,比利时,,1,2020/2/9,
322,泰国,,32,2020/2/10,
323,新加坡,,43,2020/2/10,
324,日本,,162,2020/2/10,
325,韩国,,27,2020/2/10,
326,澳大利亚,,15,2020/2/10,
327,德国,,14,2020/2/10,
328,美国,,12,2020/2/10,
329,马来西亚,,18,2020/2/10,
330,越南,,14,2020/2/10,
331,法国,,11,2020/2/10,
332,阿联酋,,7,2020/2/10,
333,加拿大,,7,2020/2/10,
334,印度,,3,2020/2/10,
335,意大利,,3,2020/2/10,
336,英国,,8,2020/2/10,
337,俄罗斯,,2,2020/2/10,
338,菲律宾,,3,2020/2/10,
339,尼泊尔,,1,2020/2/10,
340,柬埔寨,,1,2020/2/10,
341,斯里兰卡,,1,2020/2/10,
342,芬兰,,1,2020/2/10,
343,西班牙,,2,2020/2/10,
344,瑞典,,1,2020/2/10,
345,比利时,,1,2020/2/10,
346,泰国,,33,2020/2/11,
347,新加坡,,45,2020/2/11,
348,日本,,164,2020/2/11,
349,韩国,,28,2020/2/11,
350,澳大利亚,,15,2020/2/11,
351,德国,,14,2020/2/11,
352,美国,,13,2020/2/11,
353,马来西亚,,18,2020/2/11,
354,越南,,15,2020/2/11,
355,法国,,11,2020/2/11,
356,阿联酋,,8,2020/2/11,
357,加拿大,,7,2020/2/11,
358,印度,,3,2020/2/11,
359,意大利,,3,2020/2/11,
360,英国,,8,2020/2/11,
361,俄罗斯,,2,2020/2/11,
362,菲律宾,,3,2020/2/11,
363,尼泊尔,,1,2020/2/11,
364,柬埔寨,,1,2020/2/11,
365,斯里兰卡,,1,2020/2/11,
366,芬兰,,1,2020/2/11,
367,西班牙,,2,2020/2/11,
368,瑞典,,1,2020/2/11,
369,比利时,,1,2020/2/11,
370,泰国,,33,2020/2/12,
371,新加坡,,50,2020/2/12,
372,日本,,203,2020/2/12,
373,韩国,,28,2020/2/12,
374,澳大利亚,,15,2020/2/12,
375,德国,,16,2020/2/12,
376,美国,,13,2020/2/12,
377,马来西亚,,18,2020/2/12,
378,越南,,15,2020/2/12,
379,法国,,11,2020/2/12,
380,阿联酋,,8,2020/2/12,
381,加拿大,,7,2020/2/12,
382,印度,,3,2020/2/12,
383,意大利,,3,2020/2/12,
384,英国,,8,2020/2/12,
385,俄罗斯,,2,2020/2/12,
386,菲律宾,,3,2020/2/12,
387,尼泊尔,,1,2020/2/12,
388,柬埔寨,,1,2020/2/12,
389,斯里兰卡,,1,2020/2/12,
390,芬兰,,1,2020/2/12,
391,西班牙,,2,2020/2/12,
392,瑞典,,1,2020/2/12,
393,比利时,,1,2020/2/12,
394,泰国,,33,2020/2/13,
395,新加坡,,58,2020/2/13,
396,日本,,248,2020/2/13,
397,韩国,,28,2020/2/13,
398,澳大利亚,,15,2020/2/13,
399,德国,,16,2020/2/13,
400,美国,,14,2020/2/13,
401,马来西亚,,19,2020/2/13,
402,越南,,16,2020/2/13,
403,法国,,11,2020/2/13,
404,阿联酋,,8,2020/2/13,
405,加拿大,,7,2020/2/13,
406,印度,,3,2020/2/13,
407,意大利,,3,2020/2/13,
408,英国,,9,2020/2/13,
409,俄罗斯,,2,2020/2/13,
410,菲律宾,,3,2020/2/13,
411,尼泊尔,,1,2020/2/13,
412,柬埔寨,,1,2020/2/13,
413,斯里兰卡,,1,2020/2/13,
414,芬兰,,1,2020/2/13,
415,西班牙,,2,2020/2/13,
416,瑞典,,1,2020/2/13,
417,比利时,,1,2020/2/13,
418,泰国,,33,2020/2/14,
419,新加坡,,67,2020/2/14,
420,日本,,253,2020/2/14,
421,韩国,,28,2020/2/14,
422,澳大利亚,,15,2020/2/14,
423,德国,,16,2020/2/14,
424,美国,,15,2020/2/14,
425,马来西亚,,19,2020/2/14,
426,越南,,16,2020/2/14,
427,法国,,11,2020/2/14,
428,阿联酋,,8,2020/2/14,
429,加拿大,,7,2020/2/14,
430,印度,,3,2020/2/14,
431,意大利,,3,2020/2/14,
432,英国,,9,2020/2/14,
433,俄罗斯,,2,2020/2/14,
434,菲律宾,,3,2020/2/14,
435,尼泊尔,,1,2020/2/14,
436,柬埔寨,,1,2020/2/14,
437,斯里兰卡,,1,2020/2/14,
438,芬兰,,1,2020/2/14,
439,西班牙,,2,2020/2/14,
440,瑞典,,1,2020/2/14,
441,比利时,,1,2020/2/14,
442,泰国,,34,2020/2/15,
443,新加坡,,67,2020/2/15,
444,日本,,337,2020/2/15,
445,韩国,,28,2020/2/15,
446,澳大利亚,,15,2020/2/15,
447,德国,,16,2020/2/15,
448,美国,,15,2020/2/15,
449,马来西亚,,21,2020/2/15,
450,越南,,16,2020/2/15,
451,法国,,11,2020/2/15,
452,阿联酋,,8,2020/2/15,
453,加拿大,,7,2020/2/15,
454,印度,,3,2020/2/15,
455,意大利,,3,2020/2/15,
456,英国,,9,2020/2/15,
457,俄罗斯,,2,2020/2/15,
458,菲律宾,,3,2020/2/15,
459,尼泊尔,,1,2020/2/15,
460,柬埔寨,,1,2020/2/15,
461,斯里兰卡,,1,2020/2/15,
462,芬兰,,1,2020/2/15,
463,西班牙,,2,2020/2/15,
464,瑞典,,1,2020/2/15,
465,比利时,,1,2020/2/15,
466,埃及,,1,2020/2/15,
467,泰国,,34,2020/2/16,
468,新加坡,,72,2020/2/16,
469,日本,,411,2020/2/16,
470,韩国,,29,2020/2/16,
471,澳大利亚,,15,2020/2/16,
472,德国,,16,2020/2/16,
473,美国,,15,2020/2/16,
474,马来西亚,,22,2020/2/16,
475,越南,,16,2020/2/16,
476,法国,,12,2020/2/16,
477,阿联酋,,8,2020/2/16,
478,加拿大,,7,2020/2/16,
479,印度,,3,2020/2/16,
480,意大利,,3,2020/2/16,
481,英国,,9,2020/2/16,
482,俄罗斯,,2,2020/2/16,
483,菲律宾,,3,2020/2/16,
484,尼泊尔,,1,2020/2/16,
485,柬埔寨,,1,2020/2/16,
486,斯里兰卡,,1,2020/2/16,
487,芬兰,,1,2020/2/16,
488,西班牙,,2,2020/2/16,
489,瑞典,,1,2020/2/16,
490,比利时,,1,2020/2/16,
491,埃及,,1,2020/2/16,
492,泰国,,35,2020/2/17,
493,新加坡,,75,2020/2/17,
494,日本,,513,2020/2/17,
495,韩国,,30,2020/2/17,
496,澳大利亚,,15,2020/2/17,
497,德国,,16,2020/2/17,
498,美国,,15,2020/2/17,
499,马来西亚,,22,2020/2/17,
500,越南,,16,2020/2/17,
501,法国,,12,2020/2/17,
502,阿联酋,,9,2020/2/17,
503,加拿大,,7,2020/2/17,
504,印度,,3,2020/2/17,
505,意大利,,3,2020/2/17,
506,英国,,9,2020/2/17,
507,俄罗斯,,2,2020/2/17,
508,菲律宾,,3,2020/2/17,
509,尼泊尔,,1,2020/2/17,
510,柬埔寨,,1,2020/2/17,
511,斯里兰卡,,1,2020/2/17,
512,芬兰,,1,2020/2/17,
513,西班牙,,2,2020/2/17,
514,瑞典,,1,2020/2/17,
515,比利时,,1,2020/2/17,
516,埃及,,1,2020/2/17,
517,日本,,616,2020/2/18,
518,新加坡,,81,2020/2/18,
519,韩国,,46,2020/2/18,
520,泰国,,35,2020/2/18,
521,马来西亚,,22,2020/2/18,
522,德国,,16,2020/2/18,
523,越南,,16,2020/2/18,
524,澳大利亚,,15,2020/2/18,
525,美国,,15,2020/2/18,
526,法国,,12,2020/2/18,
527,英国,,9,2020/2/18,
528,阿联酋,,9,2020/2/18,
529,加拿大,,8,2020/2/18,
530,印度,,3,2020/2/18,
531,菲律宾,,3,2020/2/18,
532,意大利,,3,2020/2/18,
533,俄罗斯,,2,2020/2/18,
534,西班牙,,2,2020/2/18,
535,尼泊尔,,1,2020/2/18,
536,柬埔寨,,1,2020/2/18,
537,斯里兰卡,,1,2020/2/18,
538,芬兰,,1,2020/2/18,
539,瑞典,,1,2020/2/18,
540,比利时,,1,2020/2/18,
541,埃及,,1,2020/2/18,
542,日本,,705,2020/2/19,
543,新加坡,,84,2020/2/19,
544,韩国,,82,2020/2/19,
545,泰国,,35,2020/2/19,
546,马来西亚,,22,2020/2/19,
547,德国,,16,2020/2/19,
548,越南,,16,2020/2/19,
549,澳大利亚,,15,2020/2/19,
550,美国,,15,2020/2/19,
551,法国,,12,2020/2/19,
552,英国,,9,2020/2/19,
553,阿联酋,,9,2020/2/19,
554,加拿大,,8,2020/2/19,
555,印度,,3,2020/2/19,
556,菲律宾,,3,2020/2/19,
557,意大利,,3,2020/2/19,
558,俄罗斯,,2,2020/2/19,
559,西班牙,,2,2020/2/19,
560,伊朗,,2,2020/2/19,
561,尼泊尔,,1,2020/2/19,
562,柬埔寨,,1,2020/2/19,
563,斯里兰卡,,1,2020/2/19,
564,芬兰,,1,2020/2/19,
565,瑞典,,1,2020/2/19,
566,比利时,,1,2020/2/19,
567,埃及,,1,2020/2/19,
568,日本,,728,2020/2/20,
569,韩国,,156,2020/2/20,
570,新加坡,,85,2020/2/20,
571,泰国,,35,2020/2/20,
572,马来西亚,,22,2020/2/20,
573,澳大利亚,,17,2020/2/20,
574,德国,,16,2020/2/20,
575,越南,,16,2020/2/20,
576,美国,,15,2020/2/20,
577,法国,,12,2020/2/20,
578,英国,,9,2020/2/20,
579,阿联酋,,9,2020/2/20,
580,加拿大,,9,2020/2/20,
581,伊朗,,5,2020/2/20,
582,印度,,3,2020/2/20,
583,菲律宾,,3,2020/2/20,
584,意大利,,3,2020/2/20,
585,俄罗斯,,2,2020/2/20,
586,西班牙,,2,2020/2/20,
587,尼泊尔,,1,2020/2/20,
588,柬埔寨,,1,2020/2/20,
589,斯里兰卡,,1,2020/2/20,
590,芬兰,,1,2020/2/20,
591,瑞典,,1,2020/2/20,
592,比利时,,1,2020/2/20,
593,埃及,,1,2020/2/20,
594,日本,,744,2020/2/21,
595,韩国,,346,2020/2/21,
596,新加坡,,86,2020/2/21,
597,泰国,,35,2020/2/21,
598,美国,,34,2020/2/21,
599,马来西亚,,22,2020/2/21,
600,澳大利亚,,21,2020/2/21,
601,意大利,,19,2020/2/21,
602,伊朗,,18,2020/2/21,
603,德国,,16,2020/2/21,
604,越南,,16,2020/2/21,
605,法国,,12,2020/2/21,
606,阿联酋,,11,2020/2/21,
607,英国,,9,2020/2/21,
608,加拿大,,9,2020/2/21,
609,印度,,3,2020/2/21,
610,菲律宾,,3,2020/2/21,
611,俄罗斯,,2,2020/2/21,
612,西班牙,,2,2020/2/21,
613,尼泊尔,,1,2020/2/21,
614,柬埔寨,,1,2020/2/21,
615,斯里兰卡,,1,2020/2/21,
616,芬兰,,1,2020/2/21,
617,瑞典,,1,2020/2/21,
618,比利时,,1,2020/2/21,
619,埃及,,1,2020/2/21,
620,以色列,,1,2020/2/21,
621,黎巴嫩,,1,2020/2/21,
622,日本,,769,2020/2/22,
623,韩国,,556,2020/2/22,
624,新加坡,,89,2020/2/22,
625,意大利,,79,2020/2/22,
626,泰国,,35,2020/2/22,
627,美国,,35,2020/2/22,
628,伊朗,,28,2020/2/22,
629,马来西亚,,22,2020/2/22,
630,澳大利亚,,21,2020/2/22,
631,德国,,16,2020/2/22,
632,越南,,16,2020/2/22,
633,阿联酋,,13,2020/2/22,
634,法国,,12,2020/2/22,
635,英国,,9,2020/2/22,
636,加拿大,,9,2020/2/22,
637,印度,,3,2020/2/22,
638,菲律宾,,3,2020/2/22,
639,俄罗斯,,2,2020/2/22,
640,西班牙,,2,2020/2/22,
641,尼泊尔,,1,2020/2/22,
642,柬埔寨,,1,2020/2/22,
643,斯里兰卡,,1,2020/2/22,
644,芬兰,,1,2020/2/22,
645,瑞典,,1,2020/2/22,
646,比利时,,1,2020/2/22,
647,埃及,,1,2020/2/22,
648,以色列,,1,2020/2/22,
649,黎巴嫩,,1,2020/2/22,
650,日本,,838,2020/2/23,
651,韩国,,763,2020/2/23,
652,意大利,,152,2020/2/23,
653,新加坡,,89,2020/2/23,
654,伊朗,,43,2020/2/23,
655,泰国,,35,2020/2/23,
656,美国,,35,2020/2/23,
657,马来西亚,,22,2020/2/23,
658,澳大利亚,,22,2020/2/23,
659,德国,,16,2020/2/23,
660,越南,,16,2020/2/23,
661,阿联酋,,13,2020/2/23,
662,英国,,13,2020/2/23,
663,法国,,12,2020/2/23,
664,加拿大,,9,2020/2/23,
665,印度,,3,2020/2/23,
666,菲律宾,,3,2020/2/23,
667,俄罗斯,,2,2020/2/23,
668,西班牙,,2,2020/2/23,
669,尼泊尔,,1,2020/2/23,
670,柬埔寨,,1,2020/2/23,
671,斯里兰卡,,1,2020/2/23,
672,芬兰,,1,2020/2/23,
673,瑞典,,1,2020/2/23,
674,比利时,,1,2020/2/23,
675,埃及,,1,2020/2/23,
676,以色列,,1,2020/2/23,
677,黎巴嫩,,1,2020/2/23,
678,韩国,,893,2020/2/24,
679,日本,,844,2020/2/24,
680,意大利,,229,2020/2/24,
681,新加坡,,90,2020/2/24,
682,伊朗,,61,2020/2/24,
683,美国,,53,2020/2/24,
684,泰国,,35,2020/2/24,
685,马来西亚,,22,2020/2/24,
686,澳大利亚,,22,2020/2/24,
687,德国,,16,2020/2/24,
688,越南,,16,2020/2/24,
689,阿联酋,,13,2020/2/24,
690,英国,,13,2020/2/24,
691,法国,,12,2020/2/24,
692,加拿大,,10,2020/2/24,
693,印度,,3,2020/2/24,
694,菲律宾,,3,2020/2/24,
695,科威特,,3,2020/2/24,
696,俄罗斯,,2,2020/2/24,
697,西班牙,,2,2020/2/24,
698,以色列,,2,2020/2/24,
699,阿曼,,2,2020/2/24,
700,尼泊尔,,1,2020/2/24,
701,柬埔寨,,1,2020/2/24,
702,斯里兰卡,,1,2020/2/24,
703,芬兰,,1,2020/2/24,
704,瑞典,,1,2020/2/24,
705,比利时,,1,2020/2/24,
706,埃及,,1,2020/2/24,
707,黎巴嫩,,1,2020/2/24,
708,巴林,,1,2020/2/24,
709,阿富汗,,1,2020/2/24,
710,伊拉克,,1,2020/2/24,
711,韩国,,1146,2020/2/25,
712,日本,,862,2020/2/25,
713,意大利,,323,2020/2/25,
714,伊朗,,95,2020/2/25,
715,新加坡,,90,2020/2/25,
716,美国,,57,2020/2/25,
717,泰国,,37,2020/2/25,
718,澳大利亚,,23,2020/2/25,
719,巴林,,23,2020/2/25,
720,马来西亚,,22,2020/2/25,
721,德国,,18,2020/2/25,
722,越南,,16,2020/2/25,
723,法国,,14,2020/2/25,
724,阿联酋,,13,2020/2/25,
725,英国,,13,2020/2/25,
726,加拿大,,11,2020/2/25,
727,科威特,,11,2020/2/25,
728,西班牙,,7,2020/2/25,
729,伊拉克,,5,2020/2/25,
730,阿富汗,,1,2020/2/25,
731,阿曼,,4,2020/2/25,
732,印度,,3,2020/2/25,
733,菲律宾,,3,2020/2/25,
734,俄罗斯,,2,2020/2/25,
735,以色列,,2,2020/2/25,
736,奥地利,,2,2020/2/25,
737,尼泊尔,,1,2020/2/25,
738,柬埔寨,,1,2020/2/25,
739,斯里兰卡,,1,2020/2/25,
740,芬兰,,1,2020/2/25,
741,瑞典,,1,2020/2/25,
742,比利时,,1,2020/2/25,
743,埃及,,1,2020/2/25,
744,黎巴嫩,,1,2020/2/25,
745,阿尔及利亚,,1,2020/2/25,
746,瑞士,,1,2020/2/25,
747,巴西,,1,2020/2/25,
748,克罗地亚,,1,2020/2/25,
749,韩国,,1261,2020/2/26,
750,日本,,894,2020/2/26,
751,意大利,,470,2020/2/26,
752,伊朗,,139,2020/2/26,
753,新加坡,,93,2020/2/26,
754,美国,,60,2020/2/26,
755,泰国,,40,2020/2/26,
756,巴林,,33,2020/2/26,
757,科威特,,26,2020/2/26,
758,澳大利亚,,23,2020/2/26,
759,马来西亚,,22,2020/2/26,
760,德国,,27,2020/2/26,
761,越南,,16,2020/2/26,
762,法国,,18,2020/2/26,
763,阿联酋,,13,2020/2/26,
764,英国,,13,2020/2/26,
765,加拿大,,12,2020/2/26,
766,西班牙,,13,2020/2/26,
767,伊拉克,,5,2020/2/26,
768,阿曼,,4,2020/2/26,
769,印度,,3,2020/2/26,
770,菲律宾,,3,2020/2/26,
771,俄罗斯,,2,2020/2/26,
772,以色列,,2,2020/2/26,
773,奥地利,,2,2020/2/26,
774,克罗地亚,,2,2020/2/26,
775,芬兰,,2,2020/2/26,
776,瑞典,,2,2020/2/26,
777,黎巴嫩,,2,2020/2/26,
778,巴基斯坦,,2,2020/2/26,
779,尼泊尔,,1,2020/2/26,
780,柬埔寨,,1,2020/2/26,
781,斯里兰卡,,1,2020/2/26,
782,比利时,,1,2020/2/26,
783,埃及,,1,2020/2/26,
784,阿尔及利亚,,1,2020/2/26,
785,瑞士,,1,2020/2/26,
786,巴西,,1,2020/2/26,
787,希腊,,1,2020/2/26,
788,格鲁吉亚,,1,2020/2/26,
789,罗马尼亚,,1,2020/2/26,
790,挪威,,1,2020/2/26,
791,阿富汗,,1,2020/2/26,
792,韩国,,2022,2020/2/28,
793,日本,,919,2020/2/28,
794,意大利,,650,2020/2/28,
795,伊朗,,270,2020/2/28,
796,新加坡,,93,2020/2/28,
797,美国,,60,2020/2/28,
798,德国,,48,2020/2/28,
799,科威特,,43,2020/2/28,
800,泰国,,40,2020/2/28,
801,法国,,38,2020/2/28,
802,巴林,,33,2020/2/28,
803,澳大利亚,,23,2020/2/28,
804,马来西亚,,23,2020/2/28,
805,越南,,16,2020/2/28,
806,英国,,16,2020/2/28,
807,阿联酋,,13,2020/2/28,
808,西班牙,,13,2020/2/28,
809,加拿大,,13,2020/2/28,
810,伊拉克,,7,2020/2/28,
811,阿曼,,6,2020/2/28,
812,瑞士,,6,2020/2/28,
813,印度,,3,2020/2/28,
814,菲律宾,,3,2020/2/28,
815,奥地利,,3,2020/2/28,
816,克罗地亚,,3,2020/2/28,
817,黎巴嫩,,3,2020/2/28,
818,希腊,,3,2020/2/28,
819,芬兰,,2,2020/2/28,
820,瑞典,,2,2020/2/28,
821,以色列,,2,2020/2/28,
822,巴基斯坦,,2,2020/2/28,
823,俄罗斯,,2,2020/2/28,
824,尼泊尔,,1,2020/2/28,
825,柬埔寨,,1,2020/2/28,
826,斯里兰卡,,1,2020/2/28,
827,比利时,,1,2020/2/28,
828,埃及,,1,2020/2/28,
829,阿尔及利亚,,1,2020/2/28,
830,巴西,,1,2020/2/28,
831,格鲁吉亚,,1,2020/2/28,
832,罗马尼亚,,1,2020/2/28,
833,挪威,,1,2020/2/28,
834,丹麦,,1,2020/2/28,
835,阿富汗,,1,2020/2/28,
836,马其顿,,1,2020/2/28,
837,爱沙尼亚,,1,2020/2/28,
838,荷兰,,1,2020/2/28,
